document_id,claim_id,document_type,uploaded_date,file_name
DOC00001,CLM00001,Police Report,3/15/2026,CLM00001_5305.pdf
DOC00002,CLM00001,Repair Estimate,3/3/2026,CLM00001_8193.pdf
DOC00003,CLM00002,Damage Photos,12/18/2025,CLM00002_6744.pdf
DOC00004,CLM00003,Customer Statement,5/8/2026,CLM00003_8015.pdf
DOC00005,CLM00003,Damage Photos,5/7/2026,CLM00003_3281.pdf
DOC00006,CLM00003,Damage Photos,4/24/2026,CLM00003_1972.pdf
DOC00007,CLM00004,Repair Estimate,1/13/2026,CLM00004_5605.pdf
DOC00008,CLM00004,Customer Statement,1/13/2026,CLM00004_3758.pdf
DOC00009,CLM00004,Repair Estimate,1/5/2026,CLM00004_5740.pdf
DOC00010,CLM00005,Repair Estimate,5/2/2026,CLM00005_2560.pdf
DOC00011,CLM00005,Damage Photos,4/29/2026,CLM00005_1971.pdf
DOC00012,CLM00005,Repair Estimate,5/6/2026,CLM00005_3078.pdf
DOC00013,CLM00006,Damage Photos,12/17/2025,CLM00006_3396.pdf
DOC00014,CLM00006,Repair Estimate,12/17/2025,CLM00006_7434.pdf
DOC00015,CLM00006,Medical Bill,12/14/2025,CLM00006_5402.pdf
DOC00016,CLM00007,Medical Bill,4/21/2026,CLM00007_8405.pdf
DOC00017,CLM00007,Police Report,4/29/2026,CLM00007_2525.pdf
DOC00018,CLM00007,Medical Bill,4/25/2026,CLM00007_5558.pdf
DOC00019,CLM00008,Repair Estimate,1/27/2026,CLM00008_8996.pdf
DOC00020,CLM00008,Repair Estimate,1/31/2026,CLM00008_1040.pdf
DOC00021,CLM00008,Police Report,1/27/2026,CLM00008_6869.pdf
DOC00022,CLM00009,Customer Statement,2/7/2026,CLM00009_4568.pdf
DOC00023,CLM00010,Damage Photos,5/4/2026,CLM00010_5399.pdf
DOC00024,CLM00010,Repair Estimate,4/28/2026,CLM00010_6533.pdf
DOC00025,CLM00011,Customer Statement,4/19/2026,CLM00011_8951.pdf
DOC00026,CLM00011,Repair Estimate,4/16/2026,CLM00011_1752.pdf
DOC00027,CLM00011,Police Report,5/5/2026,CLM00011_8529.pdf
DOC00028,CLM00012,Police Report,12/18/2025,CLM00012_8230.pdf
DOC00029,CLM00013,Police Report,11/28/2025,CLM00013_4314.pdf
DOC00030,CLM00013,Damage Photos,12/5/2025,CLM00013_5945.pdf
DOC00031,CLM00014,Repair Estimate,2/9/2026,CLM00014_6905.pdf
DOC00032,CLM00015,Police Report,12/29/2025,CLM00015_3711.pdf
DOC00033,CLM00015,Police Report,12/30/2025,CLM00015_6005.pdf
DOC00034,CLM00016,Damage Photos,4/2/2026,CLM00016_2494.pdf
DOC00035,CLM00016,Police Report,3/20/2026,CLM00016_4496.pdf
DOC00036,CLM00016,Medical Bill,3/22/2026,CLM00016_3174.pdf
DOC00037,CLM00017,Damage Photos,12/16/2025,CLM00017_8291.pdf
DOC00038,CLM00017,Police Report,11/30/2025,CLM00017_6629.pdf
DOC00039,CLM00017,Police Report,12/13/2025,CLM00017_3165.pdf
DOC00040,CLM00018,Police Report,3/24/2026,CLM00018_7276.pdf
DOC00041,CLM00018,Police Report,3/20/2026,CLM00018_2690.pdf
DOC00042,CLM00019,Repair Estimate,2/6/2026,CLM00019_3246.pdf
DOC00043,CLM00019,Medical Bill,2/1/2026,CLM00019_3340.pdf
DOC00044,CLM00020,Customer Statement,1/2/2026,CLM00020_1138.pdf
DOC00045,CLM00021,Damage Photos,4/8/2026,CLM00021_6753.pdf
DOC00046,CLM00021,Damage Photos,4/14/2026,CLM00021_3480.pdf
DOC00047,CLM00021,Medical Bill,4/13/2026,CLM00021_8248.pdf
DOC00048,CLM00022,Police Report,2/8/2026,CLM00022_3293.pdf
DOC00049,CLM00023,Customer Statement,4/27/2026,CLM00023_6759.pdf
DOC00050,CLM00024,Repair Estimate,4/4/2026,CLM00024_5059.pdf
DOC00051,CLM00024,Repair Estimate,4/20/2026,CLM00024_2380.pdf
DOC00052,CLM00025,Customer Statement,5/23/2026,CLM00025_5668.pdf
DOC00053,CLM00026,Police Report,3/2/2026,CLM00026_4366.pdf
DOC00054,CLM00026,Customer Statement,3/12/2026,CLM00026_9348.pdf
DOC00055,CLM00026,Damage Photos,3/5/2026,CLM00026_5842.pdf
DOC00056,CLM00027,Police Report,1/15/2026,CLM00027_9108.pdf
DOC00057,CLM00027,Medical Bill,1/11/2026,CLM00027_4949.pdf
DOC00058,CLM00027,Medical Bill,1/28/2026,CLM00027_2163.pdf
DOC00059,CLM00028,Police Report,3/16/2026,CLM00028_6185.pdf
DOC00060,CLM00028,Damage Photos,3/17/2026,CLM00028_7895.pdf
DOC00061,CLM00028,Repair Estimate,3/22/2026,CLM00028_3830.pdf
DOC00062,CLM00029,Police Report,1/19/2026,CLM00029_2106.pdf
DOC00063,CLM00029,Police Report,1/27/2026,CLM00029_4534.pdf
DOC00064,CLM00030,Police Report,12/29/2025,CLM00030_9300.pdf
DOC00065,CLM00031,Customer Statement,5/14/2026,CLM00031_7939.pdf
DOC00066,CLM00031,Medical Bill,5/3/2026,CLM00031_9791.pdf
DOC00067,CLM00032,Customer Statement,4/28/2026,CLM00032_5546.pdf
DOC00068,CLM00032,Police Report,5/3/2026,CLM00032_2294.pdf
DOC00069,CLM00032,Customer Statement,4/30/2026,CLM00032_3545.pdf
DOC00070,CLM00033,Repair Estimate,1/15/2026,CLM00033_2083.pdf
DOC00071,CLM00033,Repair Estimate,1/16/2026,CLM00033_4909.pdf
DOC00072,CLM00033,Police Report,1/10/2026,CLM00033_2412.pdf
DOC00073,CLM00034,Police Report,3/29/2026,CLM00034_1901.pdf
DOC00074,CLM00034,Repair Estimate,3/20/2026,CLM00034_2956.pdf
DOC00075,CLM00035,Damage Photos,1/4/2026,CLM00035_3684.pdf
DOC00076,CLM00036,Repair Estimate,12/5/2025,CLM00036_9474.pdf
DOC00077,CLM00036,Repair Estimate,11/24/2025,CLM00036_7092.pdf
DOC00078,CLM00037,Repair Estimate,3/22/2026,CLM00037_1480.pdf
DOC00079,CLM00038,Medical Bill,1/25/2026,CLM00038_9582.pdf
DOC00080,CLM00038,Police Report,1/25/2026,CLM00038_2262.pdf
DOC00081,CLM00039,Medical Bill,5/1/2026,CLM00039_6900.pdf
DOC00082,CLM00039,Police Report,4/30/2026,CLM00039_3734.pdf
DOC00083,CLM00040,Damage Photos,1/20/2026,CLM00040_2685.pdf
DOC00084,CLM00040,Customer Statement,1/15/2026,CLM00040_4742.pdf
DOC00085,CLM00041,Customer Statement,4/21/2026,CLM00041_1721.pdf
DOC00086,CLM00041,Police Report,4/28/2026,CLM00041_1753.pdf
DOC00087,CLM00041,Medical Bill,5/2/2026,CLM00041_7274.pdf
DOC00088,CLM00042,Damage Photos,11/14/2025,CLM00042_7870.pdf
DOC00089,CLM00043,Repair Estimate,5/4/2026,CLM00043_7819.pdf
DOC00090,CLM00044,Repair Estimate,2/9/2026,CLM00044_2276.pdf
DOC00091,CLM00044,Customer Statement,2/12/2026,CLM00044_2956.pdf
DOC00092,CLM00044,Customer Statement,2/2/2026,CLM00044_3938.pdf
DOC00093,CLM00045,Customer Statement,3/20/2026,CLM00045_7568.pdf
DOC00094,CLM00046,Medical Bill,1/20/2026,CLM00046_6090.pdf
DOC00095,CLM00047,Police Report,5/4/2026,CLM00047_8483.pdf
DOC00096,CLM00047,Police Report,4/28/2026,CLM00047_4287.pdf
DOC00097,CLM00048,Customer Statement,2/15/2026,CLM00048_4974.pdf
DOC00098,CLM00048,Medical Bill,2/17/2026,CLM00048_9083.pdf
DOC00099,CLM00049,Customer Statement,1/2/2026,CLM00049_3466.pdf
DOC00100,CLM00050,Medical Bill,4/29/2026,CLM00050_4817.pdf
DOC00101,CLM00051,Repair Estimate,3/7/2026,CLM00051_1157.pdf
DOC00102,CLM00051,Repair Estimate,2/15/2026,CLM00051_7164.pdf
DOC00103,CLM00051,Repair Estimate,2/18/2026,CLM00051_4361.pdf
DOC00104,CLM00052,Damage Photos,4/30/2026,CLM00052_9061.pdf
DOC00105,CLM00052,Police Report,4/21/2026,CLM00052_5584.pdf
DOC00106,CLM00052,Police Report,4/18/2026,CLM00052_4792.pdf
DOC00107,CLM00053,Medical Bill,12/26/2025,CLM00053_8511.pdf
DOC00108,CLM00053,Police Report,1/2/2026,CLM00053_2565.pdf
DOC00109,CLM00053,Customer Statement,12/19/2025,CLM00053_7461.pdf
DOC00110,CLM00054,Customer Statement,4/11/2026,CLM00054_2020.pdf
DOC00111,CLM00055,Damage Photos,3/23/2026,CLM00055_5778.pdf
DOC00112,CLM00055,Repair Estimate,3/26/2026,CLM00055_7438.pdf
DOC00113,CLM00056,Repair Estimate,4/2/2026,CLM00056_8417.pdf
DOC00114,CLM00056,Repair Estimate,3/30/2026,CLM00056_2223.pdf
DOC00115,CLM00056,Damage Photos,3/27/2026,CLM00056_2785.pdf
DOC00116,CLM00057,Police Report,5/3/2026,CLM00057_8365.pdf
DOC00117,CLM00058,Repair Estimate,2/1/2026,CLM00058_2978.pdf
DOC00118,CLM00058,Customer Statement,1/30/2026,CLM00058_4401.pdf
DOC00119,CLM00059,Repair Estimate,3/18/2026,CLM00059_5341.pdf
DOC00120,CLM00059,Police Report,3/6/2026,CLM00059_3582.pdf
DOC00121,CLM00060,Repair Estimate,1/21/2026,CLM00060_1660.pdf
DOC00122,CLM00060,Damage Photos,1/12/2026,CLM00060_3430.pdf
DOC00123,CLM00060,Police Report,1/9/2026,CLM00060_6828.pdf
DOC00124,CLM00061,Customer Statement,2/7/2026,CLM00061_5896.pdf
DOC00125,CLM00061,Repair Estimate,2/11/2026,CLM00061_1509.pdf
DOC00126,CLM00062,Medical Bill,4/21/2026,CLM00062_5093.pdf
DOC00127,CLM00062,Police Report,4/18/2026,CLM00062_2669.pdf
DOC00128,CLM00063,Police Report,1/18/2026,CLM00063_2010.pdf
DOC00129,CLM00064,Damage Photos,4/1/2026,CLM00064_7563.pdf
DOC00130,CLM00065,Police Report,2/12/2026,CLM00065_5240.pdf
DOC00131,CLM00065,Police Report,1/25/2026,CLM00065_2056.pdf
DOC00132,CLM00066,Medical Bill,2/26/2026,CLM00066_2506.pdf
DOC00133,CLM00067,Police Report,1/16/2026,CLM00067_8552.pdf
DOC00134,CLM00067,Police Report,1/20/2026,CLM00067_8096.pdf
DOC00135,CLM00068,Medical Bill,5/7/2026,CLM00068_1483.pdf
DOC00136,CLM00068,Medical Bill,5/5/2026,CLM00068_3831.pdf
DOC00137,CLM00068,Repair Estimate,4/28/2026,CLM00068_4066.pdf
DOC00138,CLM00069,Repair Estimate,3/9/2026,CLM00069_3435.pdf
DOC00139,CLM00069,Police Report,3/14/2026,CLM00069_5026.pdf
DOC00140,CLM00070,Repair Estimate,3/31/2026,CLM00070_7750.pdf
DOC00141,CLM00070,Customer Statement,3/31/2026,CLM00070_1999.pdf
DOC00142,CLM00070,Police Report,3/24/2026,CLM00070_7275.pdf
DOC00143,CLM00071,Medical Bill,12/30/2025,CLM00071_9614.pdf
DOC00144,CLM00072,Customer Statement,3/25/2026,CLM00072_7266.pdf
DOC00145,CLM00073,Repair Estimate,12/27/2025,CLM00073_9921.pdf
DOC00146,CLM00073,Medical Bill,12/23/2025,CLM00073_9231.pdf
DOC00147,CLM00073,Repair Estimate,12/24/2025,CLM00073_5430.pdf
DOC00148,CLM00074,Police Report,12/17/2025,CLM00074_4588.pdf
DOC00149,CLM00075,Repair Estimate,12/9/2025,CLM00075_8728.pdf
DOC00150,CLM00076,Repair Estimate,11/30/2025,CLM00076_4813.pdf
DOC00151,CLM00076,Damage Photos,11/15/2025,CLM00076_5060.pdf
DOC00152,CLM00076,Damage Photos,11/20/2025,CLM00076_9743.pdf
DOC00153,CLM00077,Police Report,1/25/2026,CLM00077_7363.pdf
DOC00154,CLM00077,Repair Estimate,1/23/2026,CLM00077_3885.pdf
DOC00155,CLM00077,Damage Photos,2/5/2026,CLM00077_6210.pdf
DOC00156,CLM00078,Repair Estimate,4/18/2026,CLM00078_1462.pdf
DOC00157,CLM00078,Repair Estimate,4/18/2026,CLM00078_3328.pdf
DOC00158,CLM00078,Customer Statement,4/6/2026,CLM00078_9064.pdf
DOC00159,CLM00079,Repair Estimate,3/27/2026,CLM00079_9035.pdf
DOC00160,CLM00079,Police Report,3/24/2026,CLM00079_1920.pdf
DOC00161,CLM00079,Damage Photos,4/10/2026,CLM00079_4584.pdf
DOC00162,CLM00080,Customer Statement,11/27/2025,CLM00080_1011.pdf
DOC00163,CLM00081,Customer Statement,2/24/2026,CLM00081_3137.pdf
DOC00164,CLM00081,Repair Estimate,2/23/2026,CLM00081_6301.pdf
DOC00165,CLM00082,Police Report,1/4/2026,CLM00082_3320.pdf
DOC00166,CLM00083,Customer Statement,11/24/2025,CLM00083_2188.pdf
DOC00167,CLM00084,Medical Bill,5/13/2026,CLM00084_2655.pdf
DOC00168,CLM00084,Repair Estimate,5/4/2026,CLM00084_6285.pdf
DOC00169,CLM00085,Damage Photos,1/16/2026,CLM00085_8982.pdf
DOC00170,CLM00086,Repair Estimate,12/11/2025,CLM00086_6846.pdf
DOC00171,CLM00086,Damage Photos,12/24/2025,CLM00086_3872.pdf
DOC00172,CLM00086,Medical Bill,12/15/2025,CLM00086_5825.pdf
DOC00173,CLM00087,Damage Photos,1/20/2026,CLM00087_7415.pdf
DOC00174,CLM00088,Police Report,3/31/2026,CLM00088_6213.pdf
DOC00175,CLM00088,Customer Statement,4/2/2026,CLM00088_2705.pdf
DOC00176,CLM00088,Medical Bill,3/30/2026,CLM00088_6425.pdf
DOC00177,CLM00089,Police Report,2/19/2026,CLM00089_6682.pdf
DOC00178,CLM00089,Repair Estimate,2/17/2026,CLM00089_2453.pdf
DOC00179,CLM00089,Repair Estimate,2/26/2026,CLM00089_1186.pdf
DOC00180,CLM00090,Damage Photos,12/27/2025,CLM00090_2110.pdf
DOC00181,CLM00090,Repair Estimate,12/28/2025,CLM00090_2770.pdf
DOC00182,CLM00091,Police Report,12/31/2025,CLM00091_7323.pdf
DOC00183,CLM00091,Medical Bill,1/12/2026,CLM00091_3725.pdf
DOC00184,CLM00091,Medical Bill,1/14/2026,CLM00091_7204.pdf
DOC00185,CLM00092,Customer Statement,12/14/2025,CLM00092_2661.pdf
DOC00186,CLM00092,Medical Bill,12/20/2025,CLM00092_4695.pdf
DOC00187,CLM00093,Medical Bill,12/29/2025,CLM00093_1547.pdf
DOC00188,CLM00094,Police Report,3/29/2026,CLM00094_5278.pdf
DOC00189,CLM00094,Police Report,3/21/2026,CLM00094_6600.pdf
DOC00190,CLM00095,Medical Bill,12/30/2025,CLM00095_2228.pdf
DOC00191,CLM00096,Police Report,3/13/2026,CLM00096_8909.pdf
DOC00192,CLM00096,Police Report,3/16/2026,CLM00096_3703.pdf
DOC00193,CLM00096,Customer Statement,3/16/2026,CLM00096_3573.pdf
DOC00194,CLM00097,Police Report,12/20/2025,CLM00097_4367.pdf
DOC00195,CLM00098,Medical Bill,3/5/2026,CLM00098_9849.pdf
DOC00196,CLM00099,Repair Estimate,12/2/2025,CLM00099_4891.pdf
DOC00197,CLM00099,Police Report,11/24/2025,CLM00099_7437.pdf
DOC00198,CLM00100,Customer Statement,1/24/2026,CLM00100_3516.pdf
DOC00199,CLM00100,Police Report,1/20/2026,CLM00100_1062.pdf
DOC00200,CLM00100,Medical Bill,1/11/2026,CLM00100_5825.pdf
